timestamp,cycle,city,model,temp_max,temp_min,precipitation,wind_max
2026-04-03T04:02:32.644185,1,Chicago,ECMWF,11.32502732004016,-2.1384150171131076,0,3.691186836531468
2026-04-03T04:02:32.644185,1,Chicago,GFS,22.031894483446905,6.744540137821197,0,35.787225616914
2026-04-03T04:02:32.644185,1,Chicago,HRRR,27.67220530948215,11.441263007715653,0,0
2026-04-03T04:02:32.644185,1,Chicago,NAM,12.06028013860649,6.923912020546437,3.3158125661040634,13.740208939498785
2026-04-03T04:02:32.644185,1,Chicago,UKMO,11.871288570625946,3.513272311414279,3.8736666750809956,47.32339704972133
2026-04-03T04:02:32.644185,1,Chicago,CMC,17.298779767564362,5.713800983538919,3.50265725135253,40.142525191078434
2026-04-03T04:02:32.644185,1,New York,ECMWF,7.225348627423392,-2.575455679769287,0,14.49000776890524
2026-04-03T04:02:32.644185,1,New York,GFS,14.258386494879812,7.248916543825112,0.436064457407098,8.620218505113394
2026-04-03T04:02:32.644185,1,New York,HRRR,18.331279549380564,4.475594406276337,0,18.09990795158406
2026-04-03T04:02:32.644185,1,New York,NAM,17.203527419615728,9.363756028335036,16.858016681406387,13.453615714314449
2026-04-03T04:02:32.644185,1,New York,UKMO,20.054622364502094,9.27298233875001,0,47.3612638162816
2026-04-03T04:02:32.644185,1,New York,CMC,26.448055696300003,4.42613496143867,6.113000913826891,14.93441518582636
2026-04-03T04:02:32.644185,1,Miami,ECMWF,26.06990419244436,23.21831286150985,1.3988446488985322,15.764239626137451
2026-04-03T04:02:32.644185,1,Miami,GFS,31.032501450801433,27.08596174872417,0,22.258822123803206
2026-04-03T04:02:32.644185,1,Miami,HRRR,32.23371379444218,23.51351951896284,17.614795233415034,33.12316772012909
2026-04-03T04:02:32.644185,1,Miami,NAM,35.012986173338824,26.261777772562322,9.027800324776877,25.904646096059526
2026-04-03T04:02:32.644185,1,Miami,UKMO,30.636502275251154,19.90920060448549,1.119598130888357,11.937202276861374
2026-04-03T04:02:32.644185,1,Miami,CMC,40.54446844244598,26.71838999491998,19.93661390265554,25.772203559679408
2026-04-03T04:02:32.644185,1,Los Angeles,ECMWF,39.36757891653074,22.293838050823712,0,18.829373292859835
2026-04-03T04:02:32.644185,1,Los Angeles,GFS,24.013266791748183,16.706975055746867,0,69.67952934660882
2026-04-03T04:02:32.644185,1,Los Angeles,HRRR,29.161952074905702,15.981493467571052,17.912576530332203,12.944683400954657
2026-04-03T04:02:32.644185,1,Los Angeles,NAM,25.711703892299674,15.570954975325897,0,8.870999118353245
2026-04-03T04:02:32.644185,1,Los Angeles,UKMO,35.91427226475106,16.10470454176421,13.73104264295258,1.3661316446588536
2026-04-03T04:02:32.644185,1,Los Angeles,CMC,36.71712634315442,16.723539963022674,4.1029625122146385,4.7415772571172585
2026-04-03T04:02:32.644185,1,Houston,ECMWF,37.49053131693877,28.172524551527225,12.716126201975268,4.052902227210437
2026-04-03T04:02:32.644185,1,Houston,GFS,25.491804606526678,22.24400969693854,3.211244930411541,26.626558329750207
2026-04-03T04:02:32.644185,1,Houston,HRRR,38.20110766438943,30.91561405745694,21.003881126702765,24.579771055711984
2026-04-03T04:02:32.644185,1,Houston,NAM,30.29048875825689,17.627442590563778,0,0
2026-04-03T04:02:32.644185,1,Houston,UKMO,27.87966429660892,19.121120296519997,10.862524630488224,37.696722512789826
2026-04-03T04:02:32.644185,1,Houston,CMC,28.02837393152685,18.22350716520291,2.3116705724491924,37.42876519038349
2026-04-03T04:02:32.644185,1,Denver,ECMWF,23.723080254365982,5.018782354471444,27.37282874463249,29.544484804631427
2026-04-03T04:02:32.644185,1,Denver,GFS,7.315809644392761,6.097591322402527,2.3125592576808547,1.3663649193539023
2026-04-03T04:02:32.644185,1,Denver,HRRR,11.745538423416,0.39806254005932296,10.870928512040607,21.035444205069236
2026-04-03T04:02:32.644185,1,Denver,NAM,20.155756882851193,11.202249138792336,12.560349134110654,55.21585720959066
2026-04-03T04:02:32.644185,1,Denver,UKMO,10.745746144751962,4.03194490668309,8.676004691217308,1.3113287056934482
2026-04-03T04:02:32.644185,1,Denver,CMC,10.240049956764356,4.443441930718628,13.622391868332775,12.656041197248268
2026-04-03T04:02:32.644185,1,Seattle,ECMWF,28.80128441238665,9.06188497798458,1.10259274598869,28.612444318302778
2026-04-03T04:02:32.644185,1,Seattle,GFS,22.378081332148206,11.961126376675352,15.197052804332202,43.74426852079476
2026-04-03T04:02:32.644185,1,Seattle,HRRR,10.357839865985175,6.622731930230362,12.355292524418449,22.53581364491571
2026-04-03T04:02:32.644185,1,Seattle,NAM,10.240769865831274,0.44846780572768363,0,37.61856592541626
2026-04-03T04:02:32.644185,1,Seattle,UKMO,13.24426372589391,4.42802954033654,0,11.859344444556704
2026-04-03T04:02:32.644185,1,Seattle,CMC,15.726284885217808,8.14058732348094,30.91976761194538,24.432548191715128
2026-04-03T04:02:32.644185,1,Phoenix,ECMWF,33.863929839423484,30.743907930587316,0,40.63262732692942
2026-04-03T04:02:32.644185,1,Phoenix,GFS,38.54417247419274,26.152727863031142,7.989012263578064,0
2026-04-03T04:02:32.644185,1,Phoenix,HRRR,41.47906365033017,26.058352513452895,0,5.583349033228821
2026-04-03T04:02:32.644185,1,Phoenix,NAM,41.29039493145465,29.98033348177865,0,0
2026-04-03T04:02:32.644185,1,Phoenix,UKMO,41.350875785239296,29.655455005144383,9.67158571411905,23.20875767722197
2026-04-03T04:02:32.644185,1,Phoenix,CMC,31.066377793669336,15.12968313459011,5.596811963352361,11.915122394375999
2026-04-03T04:03:37.137331,2,Chicago,ECMWF,9.52877943467803,-2.3958003180148966,5.444796747448471,22.769906703348383
2026-04-03T04:03:37.137331,2,Chicago,GFS,16.802004396419555,7.851019443697093,0,22.619674974935954
2026-04-03T04:03:37.137331,2,Chicago,HRRR,12.788962255644842,6.839484435343156,0,37.198585784355785
2026-04-03T04:03:37.137331,2,Chicago,NAM,10.122747432930385,2.0812385253593404,5.459488661898362,23.976600587111545
2026-04-03T04:03:37.137331,2,Chicago,UKMO,14.728518793054015,4.501497896338965,7.69567267326109,17.369106735035427
2026-04-03T04:03:37.137331,2,Chicago,CMC,21.06207838556621,3.222095009811804,7.732783604354481,6.69110247972003
2026-04-03T04:03:37.137331,2,New York,ECMWF,22.073155064711443,10.177645054327527,2.7750451236682494,0.6685156649482842
2026-04-03T04:03:37.137331,2,New York,GFS,15.058648645288468,4.929880516047644,0,29.831280620733732
2026-04-03T04:03:37.137331,2,New York,HRRR,20.570432097760545,9.08078312787137,4.311720440177168,15.436354357155276
2026-04-03T04:03:37.137331,2,New York,NAM,15.470987082411572,9.282368584645296,3.8328694431497947,0
2026-04-03T04:03:37.137331,2,New York,UKMO,20.388998995828658,11.926999696931505,12.422115788166241,15.67707395371766
2026-04-03T04:03:37.137331,2,New York,CMC,15.394637620125888,6.977853096853723,14.985463667892324,9.785532737485774
2026-04-03T04:03:37.137331,2,Miami,ECMWF,31.887716674335394,23.661485282283444,14.714267987650514,28.374965039409453
2026-04-03T04:03:37.137331,2,Miami,GFS,29.799632882444563,25.57761079580735,0,37.17937519123658
2026-04-03T04:03:37.137331,2,Miami,HRRR,38.54164116942418,32.930978594172785,4.482380107188939,7.901534566189648
2026-04-03T04:03:37.137331,2,Miami,NAM,39.827132577377355,19.744134165707422,0,0
2026-04-03T04:03:37.137331,2,Miami,UKMO,29.752896795779918,27.68919393315036,7.298983076260888,0
2026-04-03T04:03:37.137331,2,Miami,CMC,27.3328375743789,26.370770903158558,12.683944522322724,21.230317435975344
2026-04-03T04:03:37.137331,2,Los Angeles,ECMWF,27.136678967181048,21.61780173047761,21.569451586244284,13.983111365983993
2026-04-03T04:03:37.137331,2,Los Angeles,GFS,31.581244667942588,18.508852775533313,0,20.41719382787065
2026-04-03T04:03:37.137331,2,Los Angeles,HRRR,23.02681302582881,9.538595257475517,13.337038318154375,15.740646435827802
2026-04-03T04:03:37.137331,2,Los Angeles,NAM,28.42066912046407,14.641061489111365,0,21.50447909447121
2026-04-03T04:03:37.137331,2,Los Angeles,UKMO,29.738113738241903,11.631620093829023,0,0
2026-04-03T04:03:37.137331,2,Los Angeles,CMC,27.216102152928798,19.72375641979729,14.108245093751936,26.6665793132956
2026-04-03T04:03:37.137331,2,Houston,ECMWF,33.64225065750641,23.72892648803458,4.278687512595953,17.89005800954382
2026-04-03T04:03:37.137331,2,Houston,GFS,22.310184859970192,15.16023309034622,13.265476896308794,62.90950397310271
2026-04-03T04:03:37.137331,2,Houston,HRRR,36.52949446024581,21.76801547756469,0,6.223140270780801
2026-04-03T04:03:37.137331,2,Houston,NAM,31.410582798459718,18.054335053635356,0,8.355013248547618
2026-04-03T04:03:37.137331,2,Houston,UKMO,30.37959095841797,22.5916237465457,9.309854901515088,39.59542352808668
2026-04-03T04:03:37.137331,2,Houston,CMC,28.93412830163172,24.267542354772505,0,4.826552572708838
2026-04-03T04:03:37.137331,2,Denver,ECMWF,17.20569330654867,-1.4323258106541434,18.36746200683298,7.864976435700113
2026-04-03T04:03:37.137331,2,Denver,GFS,19.49048137735447,8.917895286014586,10.648213330370739,28.564949397953526
2026-04-03T04:03:37.137331,2,Denver,HRRR,19.1175074110996,9.892771615481292,0,17.016620370729193
2026-04-03T04:03:37.137331,2,Denver,NAM,20.302626896323524,-2.6581524205989435,0,13.575396231298349
2026-04-03T04:03:37.137331,2,Denver,UKMO,12.459034618705292,7.829440648663944,0,36.1476919899403
2026-04-03T04:03:37.137331,2,Denver,CMC,13.318397066377319,-4.349446933290535,0,38.213089197636336
2026-04-03T04:03:37.137331,2,Seattle,ECMWF,19.60071232642032,12.91921941765439,0,26.1800926477694
2026-04-03T04:03:37.137331,2,Seattle,GFS,12.294459032979612,9.18686838795392,0,44.20789992400753
2026-04-03T04:03:37.137331,2,Seattle,HRRR,15.309827451312948,6.1507494130821705,21.54639638694547,0
2026-04-03T04:03:37.137331,2,Seattle,NAM,16.705360020132588,6.442457249517668,7.511402044530099,14.157836220154625
2026-04-03T04:03:37.137331,2,Seattle,UKMO,12.810913091037738,2.2734567069999034,8.71035410901248,38.30415439944139
2026-04-03T04:03:37.137331,2,Seattle,CMC,19.631087495532206,9.612553944245295,1.8644136213656903,28.566084201260885
2026-04-03T04:03:37.137331,2,Phoenix,ECMWF,32.50668179018339,21.21668048849685,13.954017294427267,33.33286329289645
2026-04-03T04:03:37.137331,2,Phoenix,GFS,30.989479561776765,27.849031080855774,3.2134788694366367,18.28643280325907
2026-04-03T04:03:37.137331,2,Phoenix,HRRR,37.45915245656769,27.286868202905595,0.5068042229807075,0
2026-04-03T04:03:37.137331,2,Phoenix,NAM,28.56810388814528,22.027667785830776,10.794971711963093,36.436582374782525
2026-04-03T04:03:37.137331,2,Phoenix,UKMO,30.70733712748098,25.031652236485538,0,36.867493938191984
2026-04-03T04:03:37.137331,2,Phoenix,CMC,37.4102955319258,19.280208337043835,28.36011099576829,13.413565962418728
2026-04-03T04:04:38.509935,3,Chicago,ECMWF,19.264525522240778,10.164476189891962,7.33755167582477,28.603075038023768
2026-04-03T04:04:38.509935,3,Chicago,GFS,24.30008470642985,6.556422848253818,0,30.737676265266966
2026-04-03T04:04:38.509935,3,Chicago,HRRR,16.44988980270216,0.42603246243463033,15.736829902530047,45.65313848899974
2026-04-03T04:04:38.509935,3,Chicago,NAM,16.613951440216766,7.102446923847731,0,31.561979305471084
2026-04-03T04:04:38.509935,3,Chicago,UKMO,15.059665018761878,3.069627317369928,7.033345448391677,36.46986772479647
2026-04-03T04:04:38.509935,3,Chicago,CMC,11.768791899192298,3.8948732260001666,0,24.952524778173423
2026-04-03T04:04:38.509935,3,New York,ECMWF,20.057842652704014,3.0689020603436497,23.257472045373447,0
2026-04-03T04:04:38.509935,3,New York,GFS,29.197205953866963,9.07481601593563,0,17.47977187074661
2026-04-03T04:04:38.509935,3,New York,HRRR,23.795109905660688,2.339557429557094,0,32.05562388625447
2026-04-03T04:04:38.509935,3,New York,NAM,15.263354798042727,3.6175208053827514,5.983524286835159,19.99115765913157
2026-04-03T04:04:38.509935,3,New York,UKMO,16.908270277019803,9.145955906603682,1.8041332411359674,35.5100180607735
2026-04-03T04:04:38.509935,3,New York,CMC,16.846605797605243,3.6827686686869487,6.706958109647996,18.597600099929572
2026-04-03T04:04:38.509935,3,Miami,ECMWF,32.03380494385027,26.774206342971915,13.566877242753586,10.904414651431793
2026-04-03T04:04:38.509935,3,Miami,GFS,24.35736681486133,21.219959463024033,0,31.808541765023065
2026-04-03T04:04:38.509935,3,Miami,HRRR,39.670149120720524,26.58118775669952,0,21.833228180966785
2026-04-03T04:04:38.509935,3,Miami,NAM,26.46653130905779,24.14898374184344,6.798863302627412,30.861549683294605
2026-04-03T04:04:38.509935,3,Miami,UKMO,34.54453501817037,28.481759656832338,11.339003415241198,47.37304934988845
2026-04-03T04:04:38.509935,3,Miami,CMC,34.59849523977144,22.422256453906634,9.313009967591482,10.843551281708878
2026-04-03T04:04:38.509935,3,Los Angeles,ECMWF,25.663761783679515,16.176375213403617,14.609563692104844,14.916948585423118
2026-04-03T04:04:38.509935,3,Los Angeles,GFS,29.411571314070738,23.439778876783297,0,47.44458779610659
2026-04-03T04:04:38.509935,3,Los Angeles,HRRR,23.616442242069482,13.731687563709366,14.39681823363229,23.880210164207206
2026-04-03T04:04:38.509935,3,Los Angeles,NAM,34.81391136706103,22.96422094147742,0.8610348747357506,11.30171448701745
2026-04-03T04:04:38.509935,3,Los Angeles,UKMO,29.266025344516642,22.10046468557194,0,5.673514149651254
2026-04-03T04:04:38.509935,3,Los Angeles,CMC,31.046470228591936,25.105868463325958,4.894134288450278,14.424966707850242
2026-04-03T04:04:38.509935,3,Houston,ECMWF,33.03481936440431,24.05867009581477,6.903149394708744,9.441486893120338
2026-04-03T04:04:38.509935,3,Houston,GFS,25.574597957086475,20.32811101941118,10.946011359178524,14.71270206040196
2026-04-03T04:04:38.509935,3,Houston,HRRR,29.761323213985523,23.000515163443758,7.7563830689920215,5.174783682619871
2026-04-03T04:04:38.509935,3,Houston,NAM,35.67398363662886,27.282479472206788,11.176513703977342,41.33054621556748
2026-04-03T04:04:38.509935,3,Houston,UKMO,37.44537455706933,22.088340973448204,0,19.826000822216695
2026-04-03T04:04:38.509935,3,Houston,CMC,43.55719215309916,25.029493030174915,22.92238787046812,17.009665959264
2026-04-03T04:04:38.509935,3,Denver,ECMWF,9.128916087765878,-3.2328411640592822,0,8.182686985868248
2026-04-03T04:04:38.509935,3,Denver,GFS,17.22948157516864,3.304674467930091,16.97827047260939,12.077954978551725
2026-04-03T04:04:38.509935,3,Denver,HRRR,9.78447729411603,6.9599155324548185,29.659067877841274,24.7624438849667
2026-04-03T04:04:38.509935,3,Denver,NAM,19.803613582390167,2.544696459252599,19.76620515577718,2.934339700718766
2026-04-03T04:04:38.509935,3,Denver,UKMO,17.583558285930344,-1.5181237920526982,9.38036965785911,2.935522053123318
2026-04-03T04:04:38.509935,3,Denver,CMC,17.493855261753538,6.565288328873924,0,14.548505453717716
2026-04-03T04:04:38.509935,3,Seattle,ECMWF,11.801039964693256,0.7073074948330742,0,32.78960099323612
2026-04-03T04:04:38.509935,3,Seattle,GFS,14.497833135197526,8.632970561294,10.416342137094052,0.11050808906365361
2026-04-03T04:04:38.509935,3,Seattle,HRRR,23.08389969897891,13.169236883886438,12.214225842033326,20.220808474918275
2026-04-03T04:04:38.509935,3,Seattle,NAM,16.87350576552562,7.579083322853791,10.204393781186143,22.177666195705154
2026-04-03T04:04:38.509935,3,Seattle,UKMO,15.458679029331739,13.17637888205682,0,37.38610785081397
2026-04-03T04:04:38.509935,3,Seattle,CMC,24.544224798369108,11.455632910847045,3.3002095064817443,10.82607999774518
2026-04-03T04:04:38.509935,3,Phoenix,ECMWF,47.519492977434716,23.572054585876643,17.825341179687697,37.63317939297704
2026-04-03T04:04:38.509935,3,Phoenix,GFS,27.72259322322215,19.755855432949538,11.510833829951746,0
2026-04-03T04:04:38.509935,3,Phoenix,HRRR,33.491840254469494,23.43448934117396,0,29.08998703994137
2026-04-03T04:04:38.509935,3,Phoenix,NAM,40.53689518020134,26.43011191578661,25.73903733888896,14.389020430711682
2026-04-03T04:04:38.509935,3,Phoenix,UKMO,31.06640970676942,25.90876782478827,0,31.57782862424033
2026-04-03T04:04:38.509935,3,Phoenix,CMC,31.777116588777012,22.11393776735617,0,7.718915320934515
2026-04-03T04:05:31.524777,1,Chicago,ECMWF,15.953875349045312,-0.6696977678718792,14.75267187243974,42.22972381458608
2026-04-03T04:05:31.524777,1,Chicago,GFS,20.085276514709204,12.96083017080124,9.149569488471544,0
2026-04-03T04:05:31.524777,1,Chicago,HRRR,19.784670434086237,0.460580758962017,6.774205171485219,50.01076685467334
2026-04-03T04:05:31.524777,1,Chicago,NAM,27.346350763130868,13.190621455068781,0,6.625666924616615
2026-04-03T04:05:31.524777,1,Chicago,UKMO,20.83436573625537,10.942020564526647,22.565529395241192,24.092846794167407
2026-04-03T04:05:31.524777,1,Chicago,CMC,16.89157109059166,8.876758831950097,4.13552692705523,2.3265537744326004
2026-04-03T04:05:31.524777,1,New York,ECMWF,18.625648001615453,8.338081564249142,4.067071603762799,6.554876732644942
2026-04-03T04:05:31.524777,1,New York,GFS,16.772216371419024,7.055923430806283,0,17.022529227328658
2026-04-03T04:05:31.524777,1,New York,HRRR,7.873363239114635,-0.022831557069531883,13.208988347515561,27.40923269902798
2026-04-03T04:05:31.524777,1,New York,NAM,12.904134577477727,5.610929509262565,23.98283745443466,43.19996343743949
2026-04-03T04:05:31.524777,1,New York,UKMO,27.033756872432622,8.788164631819509,26.866561345266614,25.78326711358831
2026-04-03T04:05:31.524777,1,New York,CMC,23.12513124468621,5.349123525637989,0,15.93117333616365
2026-04-03T04:05:31.524777,1,Miami,ECMWF,24.72677636423156,20.016561658380127,4.874128316409629,0
2026-04-03T04:05:31.524777,1,Miami,GFS,39.19464899386526,24.351962813071605,0,39.99096499484835
2026-04-03T04:05:31.524777,1,Miami,HRRR,32.98819729931144,17.411448953046452,19.497151448404942,15.935628240412406
2026-04-03T04:05:31.524777,1,Miami,NAM,44.384413210467216,27.01065185376013,19.05069137616102,29.581829260874393
2026-04-03T04:05:31.524777,1,Miami,UKMO,27.77085658529254,17.05759545098541,0,17.57135986593414
2026-04-03T04:05:31.524777,1,Miami,CMC,30.574989486453767,22.23908346371913,0,19.95824858716815
2026-04-03T04:05:31.524777,1,Los Angeles,ECMWF,26.51270556370531,22.38344369838874,3.2222001185066653,13.950952931645892
2026-04-03T04:05:31.524777,1,Los Angeles,GFS,29.925929688369692,15.68560684277621,8.958073239695327,45.741758697794026
2026-04-03T04:05:31.524777,1,Los Angeles,HRRR,31.08334702124116,22.607817503173802,0,25.416242359053662
2026-04-03T04:05:31.524777,1,Los Angeles,NAM,21.5487723716241,19.088133288610408,4.577432781008747,14.402353810386622
2026-04-03T04:05:31.524777,1,Los Angeles,UKMO,25.44477092683053,18.270835020505444,7.670558167166793,16.56961025650034
2026-04-03T04:05:31.524777,1,Los Angeles,CMC,38.408339186686476,16.119760441308284,10.841816045778376,25.705803796691377
2026-04-03T04:05:31.524777,1,Houston,ECMWF,28.825023498299654,20.442329743340018,23.71910921376122,0
2026-04-03T04:05:31.524777,1,Houston,GFS,28.922598096388572,27.164393293964483,0,35.74113041135009
2026-04-03T04:05:31.524777,1,Houston,HRRR,37.50732644864634,24.712899148143872,5.324400708166291,1.3749205283355046
2026-04-03T04:05:31.524777,1,Houston,NAM,47.89648517049275,23.884694885422906,1.767283883500106,25.188323584616114
2026-04-03T04:05:31.524777,1,Houston,UKMO,31.25879789663766,22.02669716653792,14.080852832558072,32.430499180086514
2026-04-03T04:05:31.524777,1,Houston,CMC,28.048485366647604,21.740122639182736,5.1155975668959135,31.39106504767418
2026-04-03T04:05:31.524777,1,Denver,ECMWF,16.85654198744851,5.34858473047139,8.07531452991639,30.825356297047968
2026-04-03T04:05:31.524777,1,Denver,GFS,8.684472074784365,1.4773428663294954,0.044601488874866035,33.07150202663701
2026-04-03T04:05:31.524777,1,Denver,HRRR,8.291569074579371,6.62235619735732,0,38.99223652998978
2026-04-03T04:05:31.524777,1,Denver,NAM,15.70047719819887,2.9665395356393227,7.585089334606736,19.13994826793467
2026-04-03T04:05:31.524777,1,Denver,UKMO,15.622857640941621,3.381352907577665,0,0.48878273915662973
2026-04-03T04:05:31.524777,1,Denver,CMC,8.145371742675422,-1.3597579102946797,2.8074061657608103,25.15321662596958
2026-04-03T04:05:31.524777,1,Seattle,ECMWF,25.44921636218687,10.470661553729833,0,13.179550948485812
2026-04-03T04:05:31.524777,1,Seattle,GFS,20.6916314307082,4.776286491675772,2.436650306938009,24.528279964895574
2026-04-03T04:05:31.524777,1,Seattle,HRRR,21.526916013331444,10.377816838026922,0,18.735986217599784
2026-04-03T04:05:31.524777,1,Seattle,NAM,12.054203037047838,3.7695720400971666,1.4912190960016156,19.37219945686696
2026-04-03T04:05:31.524777,1,Seattle,UKMO,14.28233775731184,3.061014418319317,0.7275865168883264,22.86750495574707
2026-04-03T04:05:31.524777,1,Seattle,CMC,17.027694515808427,1.7104851244582453,19.960677854200476,0
2026-04-03T04:05:31.524777,1,Phoenix,ECMWF,33.529787169812145,20.603105533827996,3.369521875710813,35.86664161617746
2026-04-03T04:05:31.524777,1,Phoenix,GFS,43.85035961415677,25.150361952306397,7.636560092989463,26.652122743443243
2026-04-03T04:05:31.524777,1,Phoenix,HRRR,38.39259721689361,25.11477374123719,0,3.372007762443829
2026-04-03T04:05:31.524777,1,Phoenix,NAM,30.51306396684727,24.640930167805873,0,23.675929744915493
2026-04-03T04:05:31.524777,1,Phoenix,UKMO,37.557715995318034,27.766716683740974,12.445954632226634,27.556868691084482
2026-04-03T04:05:31.524777,1,Phoenix,CMC,36.87327857254584,30.08325794078432,0,7.006801088090219
2026-04-03T04:05:40.425029,4,Chicago,ECMWF,7.3038861255097,-0.19744876541731582,16.87914899436128,23.88779869412581
2026-04-03T04:05:40.425029,4,Chicago,GFS,19.904847497186275,3.8844805261061524,16.07378859995029,37.220207845778056
2026-04-03T04:05:40.425029,4,Chicago,HRRR,10.860718915030347,-0.2047167253196891,5.812509960628773,28.486268761025116
2026-04-03T04:05:40.425029,4,Chicago,NAM,14.790268685482083,9.215404867051708,6.4897830805796275,16.1188341774527
2026-04-03T04:05:40.425029,4,Chicago,UKMO,12.913014388677507,7.958357986861985,22.984426115324545,0.8939552438307636
2026-04-03T04:05:40.425029,4,Chicago,CMC,12.195449238687242,3.17294065490296,0,36.25887526015997
2026-04-03T04:05:40.425029,4,New York,ECMWF,22.266688516457002,11.273364497831107,10.791174304748905,22.727491100803203
2026-04-03T04:05:40.425029,4,New York,GFS,20.747414807649577,16.922182339690053,4.108779089955718,16.291751407293702
2026-04-03T04:05:40.425029,4,New York,HRRR,24.44430554196034,6.411784803538086,0.08403762493670897,17.405125539792085
2026-04-03T04:05:40.425029,4,New York,NAM,11.908059430037895,7.994572947446681,0,12.067243963004904
2026-04-03T04:05:40.425029,4,New York,UKMO,18.09507475054607,16.522538214039038,15.54148265643069,47.734687640315826
2026-04-03T04:05:40.425029,4,New York,CMC,26.76082565312039,12.640474871520539,0,19.260925051533054
2026-04-03T04:05:40.425029,4,Miami,ECMWF,48.33809716026953,29.082891004598107,13.248264222050762,31.870135018627263
2026-04-03T04:05:40.425029,4,Miami,GFS,37.00921358252176,30.71771745867526,6.0513568333663414,5.009503033971917
2026-04-03T04:05:40.425029,4,Miami,HRRR,30.835174089962244,23.9964664299303,0,18.083323418919914
2026-04-03T04:05:40.425029,4,Miami,NAM,30.239428507863966,21.537555488457556,7.299960304255958,28.928642346113307
2026-04-03T04:05:40.425029,4,Miami,UKMO,26.172275175144193,21.957324778648925,16.38426215845107,0
2026-04-03T04:05:40.425029,4,Miami,CMC,36.43190543275693,17.263566862707563,0,8.994603323534005
2026-04-03T04:05:40.425029,4,Los Angeles,ECMWF,24.559203399746437,22.167021923828738,0,2.9654931642770457
2026-04-03T04:05:40.425029,4,Los Angeles,GFS,34.01719278635392,11.06083972042866,5.26463998535184,21.371590946274054
2026-04-03T04:05:40.425029,4,Los Angeles,HRRR,46.16485740307558,22.995042664682327,11.824390969091557,42.31774610830322
2026-04-03T04:05:40.425029,4,Los Angeles,NAM,21.168265407274774,14.23376019991733,0,38.18670821206119
2026-04-03T04:05:40.425029,4,Los Angeles,UKMO,21.73409563380208,13.411522213859184,7.695041338017294,15.442473296645616
2026-04-03T04:05:40.425029,4,Los Angeles,CMC,31.823054016096243,21.199828968766614,7.276047738581991,19.791095505123245
2026-04-03T04:05:40.425029,4,Houston,ECMWF,35.36098192074846,25.272329401556387,14.209741813828199,23.950445931243138
2026-04-03T04:05:40.425029,4,Houston,GFS,29.023366165931012,19.39900815625901,0,9.644362891684537
2026-04-03T04:05:40.425029,4,Houston,HRRR,37.47586858144084,21.603349746414242,17.535149555572186,34.22278264745781
2026-04-03T04:05:40.425029,4,Houston,NAM,26.313337104076563,15.076818798346844,9.780626648740984,41.795655191005196
2026-04-03T04:05:40.425029,4,Houston,UKMO,24.849096752697083,20.94844331448549,0,36.08026671693356
2026-04-03T04:05:40.425029,4,Houston,CMC,29.167183334830668,19.867020912248506,0,30.473202932813102
2026-04-03T04:05:40.425029,4,Denver,ECMWF,13.72302402323946,11.267962904440243,12.04426700795674,44.484979538267694
2026-04-03T04:05:40.425029,4,Denver,GFS,14.37294226577954,4.306780389978951,3.455839470114813,7.6010713407506465
2026-04-03T04:05:40.425029,4,Denver,HRRR,8.327163452899198,7.75632888830642,6.003030559775843,13.337883557253182
2026-04-03T04:05:40.425029,4,Denver,NAM,9.734561553097018,4.7428985640281525,3.922544418939337,16.968858054860938
2026-04-03T04:05:40.425029,4,Denver,UKMO,15.05558801214488,4.215979376016357,6.224834115035614,43.69340513752101
2026-04-03T04:05:40.425029,4,Denver,CMC,11.984950102371316,10.548550493996773,0,7.985359933133873
2026-04-03T04:05:40.425029,4,Seattle,ECMWF,5.964041946883366,2.0104301678013092,3.2316286447547538,16.555281865582653
2026-04-03T04:05:40.425029,4,Seattle,GFS,17.3181788365967,8.035792697121156,1.362339816687645,18.683412124909236
2026-04-03T04:05:40.425029,4,Seattle,HRRR,19.483957272256966,12.346243409666998,10.443940809890778,6.1853592427920425
2026-04-03T04:05:40.425029,4,Seattle,NAM,15.93993682666344,11.278066838036857,25.66445165347445,8.250956734287334
2026-04-03T04:05:40.425029,4,Seattle,UKMO,18.134560532512538,10.936996086438217,0,11.527511102242286
2026-04-03T04:05:40.425029,4,Seattle,CMC,12.24926602117812,6.656146320413981,17.862075774506526,2.2804722449479655
2026-04-03T04:05:40.425029,4,Phoenix,ECMWF,30.051003516982462,25.776398737541953,3.9178864961235504,0
2026-04-03T04:05:40.425029,4,Phoenix,GFS,31.553118825889037,24.921774528525177,1.2560894036961412,0.4512887078786001
2026-04-03T04:05:40.425029,4,Phoenix,HRRR,32.924673386084024,27.55599157713953,0,7.506020747032215
2026-04-03T04:05:40.425029,4,Phoenix,NAM,40.871538912449374,35.778464663793294,0,16.6240341264717
2026-04-03T04:05:40.425029,4,Phoenix,UKMO,55.11565713703199,30.616290087829096,25.04320313949645,29.112243032514066
2026-04-03T04:05:40.425029,4,Phoenix,CMC,32.10499314101198,26.727486796710487,0,47.193122537210684
2026-04-03T04:06:35.459560,2,Chicago,ECMWF,30.09066606128718,16.296006170823,0,10.19766939035614
2026-04-03T04:06:35.459560,2,Chicago,GFS,9.059357143043272,5.879277931227499,9.71666546608682,23.585592382573708
2026-04-03T04:06:35.459560,2,Chicago,HRRR,26.9090851751036,9.227071749856158,0,28.715984816093872
2026-04-03T04:06:35.459560,2,Chicago,NAM,18.091615842610985,5.768709026183553,0,34.11180209866847
2026-04-03T04:06:35.459560,2,Chicago,UKMO,14.150559475396381,10.300615488595557,12.512840004780056,1.376667101856448
2026-04-03T04:06:35.459560,2,Chicago,CMC,13.5382833587606,4.071346429069561,0,0
2026-04-03T04:06:35.459560,2,New York,ECMWF,16.615892543442875,2.9315584594744557,0.7851271518750984,18.364274094271394
2026-04-03T04:06:35.459560,2,New York,GFS,14.818480106882037,12.774600439683386,4.810156676466128,27.78518210577446
2026-04-03T04:06:35.459560,2,New York,HRRR,22.407119873714684,5.489881930248539,28.777092799007523,1.4526005153596202
2026-04-03T04:06:35.459560,2,New York,NAM,10.743223901434456,1.9325500475342396,6.985285583825361,0
2026-04-03T04:06:35.459560,2,New York,UKMO,15.305978686326602,3.394719920968855,25.772979204905106,0
2026-04-03T04:06:35.459560,2,New York,CMC,28.663302636474533,11.341216375498583,6.007928851907343,3.857183166325221
2026-04-03T04:06:35.459560,2,Miami,ECMWF,48.80569737776695,30.288292955985998,15.006587111551315,0.8130171679662723
2026-04-03T04:06:35.459560,2,Miami,GFS,40.08666212834586,26.546255268205286,18.337211413130433,20.026155713560204
2026-04-03T04:06:35.459560,2,Miami,HRRR,30.82673579462227,24.04448777363113,17.796685490485764,40.0019611210019
2026-04-03T04:06:35.459560,2,Miami,NAM,31.3030445365459,25.583267465539382,0,40.62476887209962
2026-04-03T04:06:35.459560,2,Miami,UKMO,32.957750309194765,21.40430949461158,6.790906458891652,0.061185082670192514
2026-04-03T04:06:35.459560,2,Miami,CMC,32.96357976529996,25.70051539884576,0.6688920372837659,1.3532817296523412
2026-04-03T04:06:35.459560,2,Los Angeles,ECMWF,28.98613694894844,13.679793441316304,6.3774163152562995,36.098753223754855
2026-04-03T04:06:35.459560,2,Los Angeles,GFS,31.79114805152908,24.294311740986927,14.609080902498068,54.64401405014603
2026-04-03T04:06:35.459560,2,Los Angeles,HRRR,32.73722200337106,17.637775957351543,12.68982589166282,10.12371362432133
2026-04-03T04:06:35.459560,2,Los Angeles,NAM,23.87336720997971,14.243937991350542,0,2.4157486169875853
2026-04-03T04:06:35.459560,2,Los Angeles,UKMO,34.07486419917347,20.252069608091393,0,14.841324428062713
2026-04-03T04:06:35.459560,2,Los Angeles,CMC,34.6847109573924,13.598270834000179,9.437828623746125,38.42547098881606
2026-04-03T04:06:35.459560,2,Houston,ECMWF,26.43743400146926,16.198558400677364,0,6.911695273547588
2026-04-03T04:06:35.459560,2,Houston,GFS,29.752669113401353,21.841825412284614,0.11748017691075674,16.14537133542028
2026-04-03T04:06:35.459560,2,Houston,HRRR,28.760089379698357,16.374596461703895,7.867258881136848,45.026556991780964
2026-04-03T04:06:35.459560,2,Houston,NAM,31.05138099984839,21.00799822245265,2.080058050366852,30.44522808931452
2026-04-03T04:06:35.459560,2,Houston,UKMO,34.991852332342766,25.5696537913831,0,10.50567807535005
2026-04-03T04:06:35.459560,2,Houston,CMC,26.0727617272794,23.925186862525557,4.827184111908559,18.982871237385112
2026-04-03T04:06:35.459560,2,Denver,ECMWF,12.566591188925416,5.771058190840632,0,0
2026-04-03T04:06:35.459560,2,Denver,GFS,26.60035164424262,11.76488584412181,0,48.69905577736898
2026-04-03T04:06:35.459560,2,Denver,HRRR,13.647309415208303,4.363566265830698,7.314839721260063,39.945002110673215
2026-04-03T04:06:35.459560,2,Denver,NAM,7.463305503542836,3.713164626644688,16.732528102397524,39.472111076093725
2026-04-03T04:06:35.459560,2,Denver,UKMO,23.667084094177277,6.053541309392696,6.778766559955855,23.87820310621277
2026-04-03T04:06:35.459560,2,Denver,CMC,11.632723656864524,-2.2492081011728633,1.9709694584613278,0
2026-04-03T04:06:35.459560,2,Seattle,ECMWF,15.527304623299159,13.651814366318346,5.826969344021208,29.16461591070081
2026-04-03T04:06:35.459560,2,Seattle,GFS,17.581187080707423,8.27009858363984,8.293007580905833,27.442122191871942
2026-04-03T04:06:35.459560,2,Seattle,HRRR,22.36367871946979,13.200424237386391,9.726785290946031,27.289541332463017
2026-04-03T04:06:35.459560,2,Seattle,NAM,20.19180874597152,11.366895568438931,0.7803970186815619,3.5222656760670823
2026-04-03T04:06:35.459560,2,Seattle,UKMO,24.863791357522828,9.982281116908489,0,23.45931928566275
2026-04-03T04:06:35.459560,2,Seattle,CMC,20.55603695538685,11.462000768356889,0,16.14201870209261
2026-04-03T04:06:35.459560,2,Phoenix,ECMWF,39.388943348085604,31.634351587688993,10.554639487585607,25.88668121054179
2026-04-03T04:06:35.459560,2,Phoenix,GFS,36.53934704820733,32.25322289982401,0,23.394052497986326
2026-04-03T04:06:35.459560,2,Phoenix,HRRR,31.54424723243359,26.398379734450575,4.160575269065465,30.648547512888985
2026-04-03T04:06:35.459560,2,Phoenix,NAM,30.130408310559552,28.73213509707384,6.294439885630334,26.246600037141107
2026-04-03T04:06:35.459560,2,Phoenix,UKMO,38.48557194395778,20.357609805624605,9.62200879274204,3.0756363488912477
2026-04-03T04:06:35.459560,2,Phoenix,CMC,30.980729519629172,23.540562634338464,6.483273767616981,21.301138303656746
2026-04-03T04:06:42.573760,5,Chicago,ECMWF,14.068780798427941,1.7579362932011127,0,14.014625970703808
2026-04-03T04:06:42.573760,5,Chicago,GFS,28.352761310353912,6.599222529581983,0,7.118963053219156
2026-04-03T04:06:42.573760,5,Chicago,HRRR,30.691872976173663,12.006824790181437,0,39.74012752838854
2026-04-03T04:06:42.573760,5,Chicago,NAM,30.45926021915115,10.899078959812424,10.420411222824352,5.997519832033808
2026-04-03T04:06:42.573760,5,Chicago,UKMO,16.05949454342824,0.04824881562568528,5.875441502823998,13.256062753385315
2026-04-03T04:06:42.573760,5,Chicago,CMC,13.163189860417383,5.979557497353204,0,61.71862568068189
2026-04-03T04:06:42.573760,5,New York,ECMWF,17.926948591722603,8.347960305735663,14.95966915119584,7.395277388998954
2026-04-03T04:06:42.573760,5,New York,GFS,17.13469021535927,5.618234138618325,11.952650087801363,18.346103880951578
2026-04-03T04:06:42.573760,5,New York,HRRR,18.39682440732074,9.108084979012954,24.715473118252334,0
2026-04-03T04:06:42.573760,5,New York,NAM,14.15001926414603,10.377201242879398,3.066800106445054,18.16529030455217
2026-04-03T04:06:42.573760,5,New York,UKMO,14.40549999534469,12.001934823814274,0,34.76350358797816
2026-04-03T04:06:42.573760,5,New York,CMC,21.804026938597787,11.480510578434274,3.913444581537886,44.768925048288764
2026-04-03T04:06:42.573760,5,Miami,ECMWF,31.162970437155064,21.46647955146857,16.69162638046945,31.980029797285397
2026-04-03T04:06:42.573760,5,Miami,GFS,34.64222649061427,21.96423151242717,0,11.793667411965131
2026-04-03T04:06:42.573760,5,Miami,HRRR,29.86323250025091,13.603904635811508,18.448117134352042,38.65554271964063
2026-04-03T04:06:42.573760,5,Miami,NAM,31.677983229096235,28.56376162901478,0,43.97232181753955
2026-04-03T04:06:42.573760,5,Miami,UKMO,32.594403928098444,30.630860043558485,3.850670513686441,42.43506643802374
2026-04-03T04:06:42.573760,5,Miami,CMC,38.53120447358688,18.064251889880325,12.912726740411214,11.720536518606544
2026-04-03T04:06:42.573760,5,Los Angeles,ECMWF,22.5051724155381,20.020454636546635,15.72282681071734,21.43787845637774
2026-04-03T04:06:42.573760,5,Los Angeles,GFS,24.765711042834248,18.12849862431604,5.79771903745205,4.726791238724454
2026-04-03T04:06:42.573760,5,Los Angeles,HRRR,20.904847247168533,8.7448038575267,21.85604862372507,24.76733170824301
2026-04-03T04:06:42.573760,5,Los Angeles,NAM,29.91100729480075,22.83101414803428,0,0
2026-04-03T04:06:42.573760,5,Los Angeles,UKMO,17.87388207465213,12.993345096872968,14.0906143865998,1.587411357724612
2026-04-03T04:06:42.573760,5,Los Angeles,CMC,31.40252105656496,19.979191302358856,16.34841774215371,0.3734976839305659
2026-04-03T04:06:42.573760,5,Houston,ECMWF,38.9064143481863,26.977213863922582,0,0
2026-04-03T04:06:42.573760,5,Houston,GFS,25.627165356871775,23.49611648967943,15.469898026818685,14.900164365782643
2026-04-03T04:06:42.573760,5,Houston,HRRR,38.033248798185056,28.795900942608565,14.417463023279097,30.37576636232889
2026-04-03T04:06:42.573760,5,Houston,NAM,42.53212177169165,22.793707130537143,14.23349234069952,6.2844360960271874
2026-04-03T04:06:42.573760,5,Houston,UKMO,22.874992965428188,18.825856276018488,13.455293187048094,25.722785409081403
2026-04-03T04:06:42.573760,5,Houston,CMC,30.850581374063715,25.99269216578095,4.696157772130812,15.803864086480509
2026-04-03T04:06:42.573760,5,Denver,ECMWF,20.66272482313049,6.752745555733036,28.85804688744733,42.51856464961413
2026-04-03T04:06:42.573760,5,Denver,GFS,11.280634319715592,-2.370605677174206,4.827525576194799,0
2026-04-03T04:06:42.573760,5,Denver,HRRR,10.638703512740399,-3.2099188222037753,11.957690670694365,16.58504290673983
2026-04-03T04:06:42.573760,5,Denver,NAM,15.822973724420468,4.348819087551057,1.970884183105846,29.88761735850909
2026-04-03T04:06:42.573760,5,Denver,UKMO,6.588718161952943,-3.4620965770465055,12.425032409878607,3.1492127766130906
2026-04-03T04:06:42.573760,5,Denver,CMC,9.642236592781426,7.854923213103201,7.151814807263861,8.885184100180519
2026-04-03T04:06:42.573760,5,Seattle,ECMWF,20.667151702413932,7.440501654971866,4.647626532853135,8.766821091829454
2026-04-03T04:06:42.573760,5,Seattle,GFS,22.00398356888179,8.365496222088964,8.25718952608419,28.716412615344552
2026-04-03T04:06:42.573760,5,Seattle,HRRR,15.496253088819664,8.983624543745616,0,20.946529507651846
2026-04-03T04:06:42.573760,5,Seattle,NAM,11.7692684954206,3.168548836895418,9.303821949747057,9.873234165246322
2026-04-03T04:06:42.573760,5,Seattle,UKMO,21.171909125069682,10.064978658737756,23.794894801832214,19.642734582762223
2026-04-03T04:06:42.573760,5,Seattle,CMC,35.61479117743656,12.395240475594754,0,5.848397220675077
2026-04-03T04:06:42.573760,5,Phoenix,ECMWF,33.76188756532137,26.31451400096036,6.613630064735891,20.801334890893884
2026-04-03T04:06:42.573760,5,Phoenix,GFS,30.47072266246069,26.39833782308474,1.5781838057194313,11.632537922186819
2026-04-03T04:06:42.573760,5,Phoenix,HRRR,41.92992252459062,26.775418234231452,0,16.736017754859038
2026-04-03T04:06:42.573760,5,Phoenix,NAM,43.936279305483524,31.81595704419515,1.1398213322829207,15.341036705810037
2026-04-03T04:06:42.573760,5,Phoenix,UKMO,45.684654115573096,27.424455731450493,17.431103328249804,23.2176635705528
2026-04-03T04:06:42.573760,5,Phoenix,CMC,31.568720198222543,25.70291951171571,0,24.127505850737
2026-04-03T04:07:39.860613,3,Chicago,ECMWF,10.011585143659238,0.9411061156449936,0,9.934909785659746
2026-04-03T04:07:39.860613,3,Chicago,GFS,11.83955632537384,1.3794730405484756,0,29.802539143426678
2026-04-03T04:07:39.860613,3,Chicago,HRRR,23.103143998808488,5.69472077223408,5.2328065678431255,27.526603539056087
2026-04-03T04:07:39.860613,3,Chicago,NAM,17.120340022048055,-1.6856454720565655,1.9830266139257184,24.647531698489942
2026-04-03T04:07:39.860613,3,Chicago,UKMO,14.32309621580392,13.135911507984215,5.018627283745731,23.1664084910912
2026-04-03T04:07:39.860613,3,Chicago,CMC,16.09574742513103,9.989937290824857,0,16.646381005832982
2026-04-03T04:07:39.860613,3,New York,ECMWF,15.790210575577134,7.193325276844501,19.864297322417563,15.2861158667465
2026-04-03T04:07:39.860613,3,New York,GFS,15.775730603708016,10.361370372057417,4.940699078078235,35.42384132775738
2026-04-03T04:07:39.860613,3,New York,HRRR,14.577023479235418,8.99449003544819,7.319213685690169,19.108615891493272
2026-04-03T04:07:39.860613,3,New York,NAM,8.846541413926293,0.10059854125746348,5.256911940050541,20.121666628942055
2026-04-03T04:07:39.860613,3,New York,UKMO,11.123305918284982,7.261990320058052,10.269104402263787,13.755387631480117
2026-04-03T04:07:39.860613,3,New York,CMC,14.524611335232642,3.1898481815584407,23.434785102053272,2.0612620906884267
2026-04-03T04:07:39.860613,3,Miami,ECMWF,29.995400828031432,27.642373370748768,2.345164381370048,25.174654537678816
2026-04-03T04:07:39.860613,3,Miami,GFS,28.454965423271485,15.330499947093209,0,17.011963516433894
2026-04-03T04:07:39.860613,3,Miami,HRRR,30.76855351128102,20.338268467421475,13.824760481704583,46.89470578114303
2026-04-03T04:07:39.860613,3,Miami,NAM,40.84684444937947,27.017541027582187,12.296986760097806,25.229769794875008
2026-04-03T04:07:39.860613,3,Miami,UKMO,27.889535195526946,17.134645665591037,0,22.410132296211113
2026-04-03T04:07:39.860613,3,Miami,CMC,28.810160051015053,16.705040237276517,3.0370713043541957,26.644596319560836
2026-04-03T04:07:39.860613,3,Los Angeles,ECMWF,34.28522577451878,20.93187393487606,5.12272453075438,0
2026-04-03T04:07:39.860613,3,Los Angeles,GFS,24.154510762973064,20.021988498886873,3.766258211059111,8.080978013948668
2026-04-03T04:07:39.860613,3,Los Angeles,HRRR,29.027716351631298,18.765279674711575,0,22.602951378079588
2026-04-03T04:07:39.860613,3,Los Angeles,NAM,29.379714015093036,19.574849191338902,1.8037540564319237,22.242048371603445
2026-04-03T04:07:39.860613,3,Los Angeles,UKMO,26.163948678456265,19.513810294674965,0.9810374596459601,30.130534764877353
2026-04-03T04:07:39.860613,3,Los Angeles,CMC,21.65662856600241,19.066845910818635,10.223453638191264,12.704448046149317
2026-04-03T04:07:39.860613,3,Houston,ECMWF,21.428288900067503,20.87874685890945,10.583422946652878,63.22651528783495
2026-04-03T04:07:39.860613,3,Houston,GFS,43.34077560032307,23.86245395119763,26.229571965281437,0
2026-04-03T04:07:39.860613,3,Houston,HRRR,31.539394088845935,16.439791881123913,6.241678664658678,38.76219298874019
2026-04-03T04:07:39.860613,3,Houston,NAM,29.0063758930871,27.85121112739241,0,10.08383907932696
2026-04-03T04:07:39.860613,3,Houston,UKMO,37.66496500342346,27.158567370646875,14.847964397140474,35.653702638708026
2026-04-03T04:07:39.860613,3,Houston,CMC,28.105656547580026,26.554697213145914,0,31.974029696636173
2026-04-03T04:07:39.860613,3,Denver,ECMWF,14.05192274509568,5.32826827830313,0,21.387669793999837
2026-04-03T04:07:39.860613,3,Denver,GFS,9.21175314094475,1.2552215393027106,0,9.38356741496147
2026-04-03T04:07:39.860613,3,Denver,HRRR,16.43825995910594,-6.49814151973904,6.099024945014525,29.450404473705586
2026-04-03T04:07:39.860613,3,Denver,NAM,16.324774883712124,9.066349389199747,14.45936958843874,18.449689047404487
2026-04-03T04:07:39.860613,3,Denver,UKMO,11.726885872419654,2.6101986704842846,19.3729719778239,0.21586001674976174
2026-04-03T04:07:39.860613,3,Denver,CMC,1.4186861551414274,-1.8834298533007159,8.130452494356437,8.377226047842468
2026-04-03T04:07:39.860613,3,Seattle,ECMWF,18.103291071567295,9.913927338741829,17.187518560481323,19.7850432487955
2026-04-03T04:07:39.860613,3,Seattle,GFS,24.318267454716143,10.785634158309865,3.186042238265731,42.06258455508346
2026-04-03T04:07:39.860613,3,Seattle,HRRR,13.743088257665526,10.819998118280028,10.271430419646386,34.02259411470412
2026-04-03T04:07:39.860613,3,Seattle,NAM,23.111701722454306,5.269879481062217,0,0
2026-04-03T04:07:39.860613,3,Seattle,UKMO,22.481604990873933,8.333631177491396,23.884351844199042,0.3694978350393363
2026-04-03T04:07:39.860613,3,Seattle,CMC,24.565229384238012,7.163129869517578,1.0816399130766694,39.44183098672292
2026-04-03T04:07:39.860613,3,Phoenix,ECMWF,29.31060277294592,26.479597179557537,0.1672024423360332,47.15322672162628
2026-04-03T04:07:39.860613,3,Phoenix,GFS,42.42688212158606,28.4315797189467,0,30.40858871666246
2026-04-03T04:07:39.860613,3,Phoenix,HRRR,27.250856660821476,20.07840012275118,12.452443781749725,53.83625940414993
2026-04-03T04:07:39.860613,3,Phoenix,NAM,37.1332602756957,31.977438484706965,2.1646095751087895,23.547250627063853
2026-04-03T04:07:39.860613,3,Phoenix,UKMO,28.178490074688145,26.04777423423276,1.560172372379085,23.533356516315855
2026-04-03T04:07:39.860613,3,Phoenix,CMC,48.71749496252892,33.06926540481216,0,8.517331381477801
2026-04-03T04:07:46.064744,6,Chicago,ECMWF,26.98798909034449,15.093003916786838,0,25.62294272456463
2026-04-03T04:07:46.064744,6,Chicago,GFS,14.86811612299277,7.120629287033232,0,7.900792273063745
2026-04-03T04:07:46.064744,6,Chicago,HRRR,19.3808459704089,6.9815837956928934,17.129453061334644,37.685433615292375
2026-04-03T04:07:46.064744,6,Chicago,NAM,12.691969510313436,10.23486305733461,12.948634738433386,0
2026-04-03T04:07:46.064744,6,Chicago,UKMO,18.32863458676556,4.098154131960263,10.17915466365232,10.324978476525683
2026-04-03T04:07:46.064744,6,Chicago,CMC,11.970444980629106,10.380340222844165,19.01740196225636,35.09801418510362
2026-04-03T04:07:46.064744,6,New York,ECMWF,11.598542731079796,5.15735756784126,10.105189412502648,55.70175316936455
2026-04-03T04:07:46.064744,6,New York,GFS,25.775003977476715,12.791048199012456,24.420549821579904,30.5164209934602
2026-04-03T04:07:46.064744,6,New York,HRRR,17.41122432408902,7.203890108815402,29.89339052453176,18.164487954588694
2026-04-03T04:07:46.064744,6,New York,NAM,25.944832691906328,5.152440918962491,10.858222115392442,19.421605398851337
2026-04-03T04:07:46.064744,6,New York,UKMO,12.651566161986675,9.766423922132224,0,20.15603922965411
2026-04-03T04:07:46.064744,6,New York,CMC,20.657648383466807,-1.1086737790610073,2.7354491484129806,0
2026-04-03T04:07:46.064744,6,Miami,ECMWF,40.01741166159224,26.353824364314455,8.840296248320314,16.210844553090567
2026-04-03T04:07:46.064744,6,Miami,GFS,30.626482942349668,29.04540380851935,0,0
2026-04-03T04:07:46.064744,6,Miami,HRRR,26.66132376513322,20.55727152278911,2.6224341848398587,36.23634043097216
2026-04-03T04:07:46.064744,6,Miami,NAM,33.31385070657584,24.097961956196436,5.7061847434627575,26.877968916430536
2026-04-03T04:07:46.064744,6,Miami,UKMO,33.507437048602796,27.408826582951576,0,27.471999781739243
2026-04-03T04:07:46.064744,6,Miami,CMC,32.47384802397501,26.238788881286336,5.6539983550525825,10.175683142135572
2026-04-03T04:07:46.064744,6,Los Angeles,ECMWF,38.03357294801664,14.309001427749145,0,12.967270045141948
2026-04-03T04:07:46.064744,6,Los Angeles,GFS,21.392851246263582,17.682499750012518,6.781572950048752,11.453274699457559
2026-04-03T04:07:46.064744,6,Los Angeles,HRRR,30.061215073672805,13.016096975853515,12.393171782379676,30.580393211045415
2026-04-03T04:07:46.064744,6,Los Angeles,NAM,31.892387112414887,21.357884722313237,12.736218477829974,54.07870718944817
2026-04-03T04:07:46.064744,6,Los Angeles,UKMO,27.87411350172739,10.11015103300555,1.389548117025016,0
2026-04-03T04:07:46.064744,6,Los Angeles,CMC,29.213547805584646,22.51961798421748,6.899940287850226,26.165519580798517
2026-04-03T04:07:46.064744,6,Houston,ECMWF,27.37920478856331,20.290370064001696,0,10.900507055402853
2026-04-03T04:07:46.064744,6,Houston,GFS,30.524438869710984,22.356438353406002,1.4946261692900475,54.579942792189655
2026-04-03T04:07:46.064744,6,Houston,HRRR,27.117045348926887,19.159207282681866,13.129630889719133,24.181481853980806
2026-04-03T04:07:46.064744,6,Houston,NAM,27.474385340584952,21.789983558653297,0,13.16958793483712
2026-04-03T04:07:46.064744,6,Houston,UKMO,40.146396134934946,16.703193962050307,5.355406882068235,21.457366068230378
2026-04-03T04:07:46.064744,6,Houston,CMC,29.05804972836127,19.224609421106038,33.23807555315878,35.830068105141436
2026-04-03T04:07:46.064744,6,Denver,ECMWF,6.479163374967889,-1.6031304017618302,3.2989409961765412,30.682663466402303
2026-04-03T04:07:46.064744,6,Denver,GFS,10.327118654392141,2.4271615863313607,0,2.371368082658549
2026-04-03T04:07:46.064744,6,Denver,HRRR,20.2107381561479,4.361788167898085,11.095544218855014,18.382582438752227
2026-04-03T04:07:46.064744,6,Denver,NAM,14.566975597065738,4.047310727818887,8.842537338429224,21.703228809802614
2026-04-03T04:07:46.064744,6,Denver,UKMO,7.763926354815683,3.3529272100191436,0,36.78848231463527
2026-04-03T04:07:46.064744,6,Denver,CMC,7.778412546854456,2.589768199636733,8.222087512907382,27.184444627023048
2026-04-03T04:07:46.064744,6,Seattle,ECMWF,18.773457278445992,12.261721020999037,1.7788843029128083,0
2026-04-03T04:07:46.064744,6,Seattle,GFS,6.634443353755634,-2.2668379472686686,15.404227040301544,0
2026-04-03T04:07:46.064744,6,Seattle,HRRR,13.997053692992525,9.321311600716207,14.09981721446645,11.746378839753831
2026-04-03T04:07:46.064744,6,Seattle,NAM,27.613699378281602,6.836616661650517,5.408457736754223,11.205630912065361
2026-04-03T04:07:46.064744,6,Seattle,UKMO,19.73270529264647,6.289073914015038,16.94199007679186,1.9420929536627582
2026-04-03T04:07:46.064744,6,Seattle,CMC,20.8668353929989,6.1691915706502565,3.7012529658199886,6.1042751043483054
2026-04-03T04:07:46.064744,6,Phoenix,ECMWF,37.538809381874415,27.897918073202696,13.363883730353153,15.366300965015016
2026-04-03T04:07:46.064744,6,Phoenix,GFS,28.113643631007783,21.951464245960047,15.64881821338152,32.31168939975039
2026-04-03T04:07:46.064744,6,Phoenix,HRRR,31.87956896048967,23.311088182189714,6.4923845501446795,16.08748502573865
2026-04-03T04:07:46.064744,6,Phoenix,NAM,32.01342072457619,23.944940503206084,0,22.61394900153741
2026-04-03T04:07:46.064744,6,Phoenix,UKMO,46.313178474023516,32.711328795227544,8.80627097133575,16.8237715024042
2026-04-03T04:07:46.064744,6,Phoenix,CMC,40.78115980087858,28.50837087979122,5.403045547398753,29.421969588574385
2026-04-03T04:08:43.106105,4,Chicago,ECMWF,14.018990327440987,-6.362577231644421,0,37.68866885100147
2026-04-03T04:08:43.106105,4,Chicago,GFS,12.769261709104022,8.5238457469465,27.57472395405169,0
2026-04-03T04:08:43.106105,4,Chicago,HRRR,13.778249656918536,2.2776917311194946,0.49609050191069226,3.985349315366239
2026-04-03T04:08:43.106105,4,Chicago,NAM,11.107388694004815,6.078629487772834,0,8.57252011487427
2026-04-03T04:08:43.106105,4,Chicago,UKMO,14.777096513432836,11.545523420765967,0,10.146434460141313
2026-04-03T04:08:43.106105,4,Chicago,CMC,28.17564062624537,3.542747025375986,9.330004893950068,7.809861154963503
2026-04-03T04:08:43.106105,4,New York,ECMWF,14.603639869967132,10.644004786261446,8.000419075798803,40.14043817067701
2026-04-03T04:08:43.106105,4,New York,GFS,18.040956445948893,11.651893505499125,0,0.9965545708348422
2026-04-03T04:08:43.106105,4,New York,HRRR,20.73567496145193,8.360387235720195,15.396165407775174,17.458958735116866
2026-04-03T04:08:43.106105,4,New York,NAM,29.301843451594586,12.002095681115188,18.419435108286375,8.444392964160324
2026-04-03T04:08:43.106105,4,New York,UKMO,25.63808203872851,2.4084151448168942,0,0
2026-04-03T04:08:43.106105,4,New York,CMC,14.119312456263337,0.7498257236630916,1.858948763415556,12.84861234802391
2026-04-03T04:08:43.106105,4,Miami,ECMWF,32.81708855038997,27.903494526537834,11.813690287065729,43.81092274757184
2026-04-03T04:08:43.106105,4,Miami,GFS,30.21819942696539,20.78739813381619,22.07508617341691,26.25777081628353
2026-04-03T04:08:43.106105,4,Miami,HRRR,41.57619464345656,23.757121280967542,0,44.223123121847735
2026-04-03T04:08:43.106105,4,Miami,NAM,32.94343671158101,22.136504313954788,0,0
2026-04-03T04:08:43.106105,4,Miami,UKMO,34.47147721761819,22.754910547883952,0,29.19679604704739
2026-04-03T04:08:43.106105,4,Miami,CMC,27.619245290210248,23.09642607740886,7.184189095165537,51.92656606426175
2026-04-03T04:08:43.106105,4,Los Angeles,ECMWF,29.466504885333695,23.30969841371912,21.463402208689462,8.75118075891214
2026-04-03T04:08:43.106105,4,Los Angeles,GFS,25.166068504121277,17.93440592149624,23.456683925797787,21.67790341104138
2026-04-03T04:08:43.106105,4,Los Angeles,HRRR,23.1067039081299,17.15603078959938,0.18242461414390831,18.51667479237001
2026-04-03T04:08:43.106105,4,Los Angeles,NAM,31.619373624308597,19.929320424927717,3.7082666183604687,10.801264415828696
2026-04-03T04:08:43.106105,4,Los Angeles,UKMO,37.08758251585289,16.01483029299863,0.42172124345979434,0
2026-04-03T04:08:43.106105,4,Los Angeles,CMC,28.995864197748467,18.944836865646828,0,31.314600622265488
2026-04-03T04:08:43.106105,4,Houston,ECMWF,26.55725772627442,22.95792608020706,0,39.42132378437522
2026-04-03T04:08:43.106105,4,Houston,GFS,33.634344784324995,23.800968972618897,5.637996809872154,35.84250504372674
2026-04-03T04:08:43.106105,4,Houston,HRRR,42.658904730906,23.05301037692166,0,8.3102336964126
2026-04-03T04:08:43.106105,4,Houston,NAM,34.209403354291695,5.5195778747803,0,16.21441799859923
2026-04-03T04:08:43.106105,4,Houston,UKMO,38.59564225169507,21.255894139325633,17.54495293969523,27.781042827127933
2026-04-03T04:08:43.106105,4,Houston,CMC,26.518278013577,12.59159728520531,3.537172085360198,22.83211595933838
2026-04-03T04:08:43.106105,4,Denver,ECMWF,17.09690135433389,-3.516634109751095,1.0155656692327852,0
2026-04-03T04:08:43.106105,4,Denver,GFS,15.845517459941549,10.415885267258856,3.117749244968867,52.1736021556029
2026-04-03T04:08:43.106105,4,Denver,HRRR,16.284800298899825,2.543534406353155,22.3164888552373,20.496333420042124
2026-04-03T04:08:43.106105,4,Denver,NAM,25.45750797474301,8.026302967955877,12.854391894205529,9.130525346060901
2026-04-03T04:08:43.106105,4,Denver,UKMO,11.131107255301384,5.55975526308081,13.295063866936449,55.38958781125161
2026-04-03T04:08:43.106105,4,Denver,CMC,10.035142067636322,-0.4074399209581978,8.819182272231714,0
2026-04-03T04:08:43.106105,4,Seattle,ECMWF,10.13217862953017,6.486545479254144,5.19717452073872,0
2026-04-03T04:08:43.106105,4,Seattle,GFS,24.322411395290462,8.675401569351603,0,25.566047505652108
2026-04-03T04:08:43.106105,4,Seattle,HRRR,14.586595369998019,7.318618011034243,0,40.95736647435283
2026-04-03T04:08:43.106105,4,Seattle,NAM,6.518380545154804,-1.8953115108352119,10.570234307585995,27.427856328220408
2026-04-03T04:08:43.106105,4,Seattle,UKMO,12.781253022017808,10.830161866780552,12.473279286290207,0
2026-04-03T04:08:43.106105,4,Seattle,CMC,23.101185117385658,10.408685966415183,2.3619355074083175,10.66919892922796
2026-04-03T04:08:43.106105,4,Phoenix,ECMWF,38.570639537687526,26.382247845363636,0,18.589157166513324
2026-04-03T04:08:43.106105,4,Phoenix,GFS,38.035623769965866,29.738549141676568,19.427073310579743,38.852437422497246
2026-04-03T04:08:43.106105,4,Phoenix,HRRR,33.76780214772319,30.12164453160548,22.492307333676255,24.2111198839055
2026-04-03T04:08:43.106105,4,Phoenix,NAM,31.35057398183545,24.041992871337467,5.657247813131093,2.6255693175853487
2026-04-03T04:08:43.106105,4,Phoenix,UKMO,35.503172203106296,26.533392890933694,9.560891409859272,25.787385437800136
2026-04-03T04:08:43.106105,4,Phoenix,CMC,24.10242468483669,21.631304299409248,8.774162443733735,21.744521389946982
2026-04-03T04:08:47.709170,7,Chicago,ECMWF,27.88706722693068,16.125224028891626,0,8.44844947843659
2026-04-03T04:08:47.709170,7,Chicago,GFS,20.790467750594843,4.7955312657787275,0,24.341446538748063
2026-04-03T04:08:47.709170,7,Chicago,HRRR,7.516267320645326,3.712713243056714,11.539287153848019,28.705466656382665
2026-04-03T04:08:47.709170,7,Chicago,NAM,10.102492795602515,2.2512290747117794,9.304873393943403,22.016652927628243
2026-04-03T04:08:47.709170,7,Chicago,UKMO,24.38956718378667,0.7884119734693549,0.73842020591111,32.97621621399513
2026-04-03T04:08:47.709170,7,Chicago,CMC,16.647031962381202,3.7781155217762086,0,23.091103730889685
2026-04-03T04:08:47.709170,7,New York,ECMWF,23.001187741903713,14.386647104643002,0,25.882672857948833
2026-04-03T04:08:47.709170,7,New York,GFS,30.316091710245683,4.967442951905447,0,42.24058359426051
2026-04-03T04:08:47.709170,7,New York,HRRR,9.162521636921907,5.4161381279240635,5.08210075706375,30.00271664981659
2026-04-03T04:08:47.709170,7,New York,NAM,41.73532515050199,16.270533415971975,19.27533729765536,10.757459438348617
2026-04-03T04:08:47.709170,7,New York,UKMO,17.850241854542254,9.899771851708795,0,8.7894007475907
2026-04-03T04:08:47.709170,7,New York,CMC,12.442807173279416,-0.3896465980393069,29.840315169892406,21.57520831073007
2026-04-03T04:08:47.709170,7,Miami,ECMWF,37.245285259705334,23.144652950809974,3.1976877582515297,28.98070219380947
2026-04-03T04:08:47.709170,7,Miami,GFS,37.823011944947126,22.944846226045698,27.635708367799623,0
2026-04-03T04:08:47.709170,7,Miami,HRRR,48.317995657472316,17.37126012369346,2.185129045128697,18.24168139939548
2026-04-03T04:08:47.709170,7,Miami,NAM,30.41207815986197,24.517488258570868,7.09258452475943,0
2026-04-03T04:08:47.709170,7,Miami,UKMO,31.074899339441565,24.62144466157387,0,0
2026-04-03T04:08:47.709170,7,Miami,CMC,32.072023029374016,27.505220780302103,3.7932861431198432,22.52238714884051
2026-04-03T04:08:47.709170,7,Los Angeles,ECMWF,39.1781305625006,22.580483609567157,10.415269087559457,9.900741183525867
2026-04-03T04:08:47.709170,7,Los Angeles,GFS,29.854705569901185,17.938886577574458,0,9.792464611602982
2026-04-03T04:08:47.709170,7,Los Angeles,HRRR,22.499974796355207,21.768833499014395,15.181575519840724,22.728013924158162
2026-04-03T04:08:47.709170,7,Los Angeles,NAM,46.59934609471839,8.264111562652484,12.290597195103615,8.779508945071385
2026-04-03T04:08:47.709170,7,Los Angeles,UKMO,23.151392384787236,21.767028024095808,8.972075580673245,11.815437719154492
2026-04-03T04:08:47.709170,7,Los Angeles,CMC,28.567735983920812,17.474724653761026,0,8.20328854224969
2026-04-03T04:08:47.709170,7,Houston,ECMWF,31.63109849904675,22.546244757156366,15.034639845178804,51.4533436220939
2026-04-03T04:08:47.709170,7,Houston,GFS,32.686332394693835,20.802915908677065,13.719449081994002,0
2026-04-03T04:08:47.709170,7,Houston,HRRR,34.59070703950664,23.317915292761057,7.13808873638742,13.864826878601766
2026-04-03T04:08:47.709170,7,Houston,NAM,26.594934195566736,20.697754617248826,0.6796561352224835,17.430479668380524
2026-04-03T04:08:47.709170,7,Houston,UKMO,43.050278757578134,33.15165082918394,17.38106621147939,6.061775864835479
2026-04-03T04:08:47.709170,7,Houston,CMC,32.54897436274162,29.141706338443175,0,33.129357727174124
2026-04-03T04:08:47.709170,7,Denver,ECMWF,5.733981499537586,5.110759691031067,6.064684273793265,14.003479693805115
2026-04-03T04:08:47.709170,7,Denver,GFS,6.641382518589559,2.4737020519627624,3.665380683943618,6.336383467981998
2026-04-03T04:08:47.709170,7,Denver,HRRR,11.515165760093545,2.262166192327694,0,9.546914933613095
2026-04-03T04:08:47.709170,7,Denver,NAM,33.64680194228997,5.177454183778414,0,1.7898268502898453
2026-04-03T04:08:47.709170,7,Denver,UKMO,26.31535987267287,7.862707577986677,0,0
2026-04-03T04:08:47.709170,7,Denver,CMC,8.531195011315269,3.8166362196451886,16.029942235431413,20.56130650709603
2026-04-03T04:08:47.709170,7,Seattle,ECMWF,9.844050660054569,5.264545720562143,6.775127992899569,43.75978362581503
2026-04-03T04:08:47.709170,7,Seattle,GFS,13.473066409223911,-0.49579445562045166,5.326428151330974,25.49871518021736
2026-04-03T04:08:47.709170,7,Seattle,HRRR,13.6387522198764,12.592808716078848,0,14.100618070553361
2026-04-03T04:08:47.709170,7,Seattle,NAM,20.76356812379966,5.318719823656074,0,24.389119294209
2026-04-03T04:08:47.709170,7,Seattle,UKMO,19.877027936500415,12.528796049016396,5.4308845925046265,20.244843053567795
2026-04-03T04:08:47.709170,7,Seattle,CMC,13.39083001468487,10.055256946791093,4.9643282674948885,32.61180976848196
2026-04-03T04:08:47.709170,7,Phoenix,ECMWF,40.748580416811436,29.601519275413235,3.3590314191412496,31.42847872832658
2026-04-03T04:08:47.709170,7,Phoenix,GFS,27.296635553773857,25.80688704243605,0,4.369734913081704
2026-04-03T04:08:47.709170,7,Phoenix,HRRR,46.06559161715391,27.95293471883694,7.893164879618357,17.980951407928398
2026-04-03T04:08:47.709170,7,Phoenix,NAM,28.828274730480576,18.487799148864788,13.952686659211848,37.76798603016059
2026-04-03T04:08:47.709170,7,Phoenix,UKMO,31.551423355423132,28.56463880552173,12.39370177259074,24.659179839582546
2026-04-03T04:08:47.709170,7,Phoenix,CMC,30.92536330640337,25.40383121966388,0,26.119231066110796
2026-04-03T04:09:48.369609,5,Chicago,ECMWF,13.666804263157267,7.3787151029369,11.395467551149345,7.85005377305183
2026-04-03T04:09:48.369609,5,Chicago,GFS,19.04665539789203,9.347345772668135,0,30.509737808782454
2026-04-03T04:09:48.369609,5,Chicago,HRRR,7.786654730879037,-3.4367306450350164,10.502853938519857,23.107196412816833
2026-04-03T04:09:48.369609,5,Chicago,NAM,14.117474907930038,7.502434407117539,0,6.740152012788059
2026-04-03T04:09:48.369609,5,Chicago,UKMO,19.228463856980454,4.012875446103502,0,10.182933508068889
2026-04-03T04:09:48.369609,5,Chicago,CMC,18.44288954661206,9.178295089461633,8.587261775586304,0
2026-04-03T04:09:48.369609,5,New York,ECMWF,18.028676701491776,12.576832324498868,1.7159892754815997,8.742080598951373
2026-04-03T04:09:48.369609,5,New York,GFS,14.001298390732186,6.1912354665106974,14.016046671912049,50.30291697448633
2026-04-03T04:09:48.369609,5,New York,HRRR,17.43642439583542,12.039245810778212,0,0
2026-04-03T04:09:48.369609,5,New York,NAM,14.483269174407695,7.641688953107151,4.719678331410498,15.516951849474575
2026-04-03T04:09:48.369609,5,New York,UKMO,22.52050006187305,-0.15749503882791416,7.564524494293445,0
2026-04-03T04:09:48.369609,5,New York,CMC,15.317819212695396,2.992518908497832,20.03442646837654,3.8459700498764846
2026-04-03T04:09:48.369609,5,Miami,ECMWF,39.857577065875134,19.14773626936158,0,11.15636013760534
2026-04-03T04:09:48.369609,5,Miami,GFS,43.60542428901142,23.98354570543034,17.576688541655766,45.59718224940448
2026-04-03T04:09:48.369609,5,Miami,HRRR,33.875909771554376,25.24126091756028,2.8717346803719908,31.75352714282746
2026-04-03T04:09:48.369609,5,Miami,NAM,42.285697704634714,28.861211812080548,0,0.16375575038096812
2026-04-03T04:09:48.369609,5,Miami,UKMO,36.5221333746281,24.873567589081173,1.2227456125844895,10.56620442693614
2026-04-03T04:09:48.369609,5,Miami,CMC,33.006767353894865,26.99310398549234,0,24.58908177873886
2026-04-03T04:09:48.369609,5,Los Angeles,ECMWF,26.074306190481053,9.68070862669559,6.8730265107331405,15.864366340261842
2026-04-03T04:09:48.369609,5,Los Angeles,GFS,24.791044685692,13.227180876948138,7.89692866495813,1.9373447546339477
2026-04-03T04:09:48.369609,5,Los Angeles,HRRR,32.90894007947593,22.41320800274062,0,51.30160612598047
2026-04-03T04:09:48.369609,5,Los Angeles,NAM,20.905676864164448,15.457863643836633,0,23.346371911591678
2026-04-03T04:09:48.369609,5,Los Angeles,UKMO,33.753688705552165,27.11335956153846,0,45.43925438460589
2026-04-03T04:09:48.369609,5,Los Angeles,CMC,38.308516164814115,23.325137585753485,0,48.017940505009214
2026-04-03T04:09:48.369609,5,Houston,ECMWF,29.75869856305918,18.906991105681414,6.4468925798299,32.63817952387933
2026-04-03T04:09:48.369609,5,Houston,GFS,32.75870894978128,21.112743968109363,0,8.860341976875679
2026-04-03T04:09:48.369609,5,Houston,HRRR,37.85492948304045,18.41846531034529,0,34.76475990324634
2026-04-03T04:09:48.369609,5,Houston,NAM,36.153458731112764,25.80992388540005,0,8.609337392954975
2026-04-03T04:09:48.369609,5,Houston,UKMO,23.457012655538808,18.53472550547028,0,15.76449194861581
2026-04-03T04:09:48.369609,5,Houston,CMC,31.57335816703088,13.887123146401418,7.091692073032904,23.355387021444244
2026-04-03T04:09:48.369609,5,Denver,ECMWF,20.72419836781014,8.243211507917511,2.009443515494832,9.995017541865916
2026-04-03T04:09:48.369609,5,Denver,GFS,10.023271399280546,-0.009614541674107357,2.215179549416262,0
2026-04-03T04:09:48.369609,5,Denver,HRRR,24.12012745018295,7.849203100547642,13.134150454931712,41.512755621437584
2026-04-03T04:09:48.369609,5,Denver,NAM,10.979922555291008,4.1185574460061005,0,11.64160325661834
2026-04-03T04:09:48.369609,5,Denver,UKMO,14.655909615649193,6.267198952778803,2.840539617903829,13.104220979973498
2026-04-03T04:09:48.369609,5,Denver,CMC,7.927139847460264,2.98464090696065,0,32.58273598322556
2026-04-03T04:09:48.369609,5,Seattle,ECMWF,26.6744626177932,19.067517930081085,14.882852510383689,0.7190739078649138
2026-04-03T04:09:48.369609,5,Seattle,GFS,20.41761448478423,6.856653511040225,15.42668531771568,8.181116020512814
2026-04-03T04:09:48.369609,5,Seattle,HRRR,19.440995475742703,8.25517033107771,1.9824620719381896,19.551653996718315
2026-04-03T04:09:48.369609,5,Seattle,NAM,16.520852922842813,3.7473487389632947,4.861775067863915,13.25059418705439
2026-04-03T04:09:48.369609,5,Seattle,UKMO,20.92553650350541,10.105931754356195,0,9.131186459491833
2026-04-03T04:09:48.369609,5,Seattle,CMC,10.91437777188905,2.1749995985348267,0,18.062411586343142
2026-04-03T04:09:48.369609,5,Phoenix,ECMWF,38.22951843807378,27.42561094751639,19.838334353522846,34.06786893863666
2026-04-03T04:09:48.369609,5,Phoenix,GFS,36.36817305534785,28.771816073643002,15.233963677126228,17.9860347070088
2026-04-03T04:09:48.369609,5,Phoenix,HRRR,38.62810895846819,27.248320731192372,0,0
2026-04-03T04:09:48.369609,5,Phoenix,NAM,40.612210513907485,22.540097179370463,0,54.048985818739496
2026-04-03T04:09:48.369609,5,Phoenix,UKMO,28.04721567943363,26.486614073486603,11.91260825666672,13.531892510280908
2026-04-03T04:09:48.369609,5,Phoenix,CMC,40.27099124919631,26.87051161365114,21.940306046216886,28.909440403482538
2026-04-03T04:09:50.296663,8,Chicago,ECMWF,15.981062650760983,4.95021267197126,0,12.048599423857567
2026-04-03T04:09:50.296663,8,Chicago,GFS,13.508823528454244,6.237894049337502,0,2.9588177777085996
2026-04-03T04:09:50.296663,8,Chicago,HRRR,12.72913398120991,-2.5979994073711303,0,13.869666430912606
2026-04-03T04:09:50.296663,8,Chicago,NAM,24.375475471005032,7.812224673477528,0,36.582600626064455
2026-04-03T04:09:50.296663,8,Chicago,UKMO,28.025393883845894,12.084997674974277,0,24.946691789851897
2026-04-03T04:09:50.296663,8,Chicago,CMC,14.80716142058155,8.089952587248092,0,12.484956019341935
2026-04-03T04:09:50.296663,8,New York,ECMWF,16.318881598720782,1.8568901782778031,0.020172749998415895,5.72427818493407
2026-04-03T04:09:50.296663,8,New York,GFS,15.453821517695484,7.5884103630266635,6.762874447416737,25.54038182892941
2026-04-03T04:09:50.296663,8,New York,HRRR,15.82313098900514,13.574596718924795,29.807388917465172,18.02271505107621
2026-04-03T04:09:50.296663,8,New York,NAM,10.528302517619272,5.474459412256772,10.165104546035108,2.310197546214315
2026-04-03T04:09:50.296663,8,New York,UKMO,25.55783853773726,12.24196652902662,0.19644300854578667,60.0423800437825
2026-04-03T04:09:50.296663,8,New York,CMC,19.812631089121414,12.302091106205914,0,13.062230072249827
2026-04-03T04:09:50.296663,8,Miami,ECMWF,33.01566146697254,30.423961371264834,4.375069669711177,13.317494297867057
2026-04-03T04:09:50.296663,8,Miami,GFS,42.024243810302345,22.007926679415014,12.010196060696245,21.381524275071424
2026-04-03T04:09:50.296663,8,Miami,HRRR,40.33045878135496,28.538552877539143,6.592744093585627,0.83431717611737
2026-04-03T04:09:50.296663,8,Miami,NAM,32.76507763961938,18.33613912242446,0,37.10890009761262
2026-04-03T04:09:50.296663,8,Miami,UKMO,36.303577305701964,24.201371496888996,0,27.71214861067128
2026-04-03T04:09:50.296663,8,Miami,CMC,35.59491816333512,25.51442958044933,19.294944892504187,13.33961754428144
2026-04-03T04:09:50.296663,8,Los Angeles,ECMWF,27.535806655728088,17.13474969018464,14.069434951066812,35.9353007450659
2026-04-03T04:09:50.296663,8,Los Angeles,GFS,25.18537158312134,15.836345866930566,0,34.81481386994387
2026-04-03T04:09:50.296663,8,Los Angeles,HRRR,31.939737159649983,22.49338053637008,0,0
2026-04-03T04:09:50.296663,8,Los Angeles,NAM,34.0028156897562,16.79629836071616,2.6389584919883653,12.619896950658855
2026-04-03T04:09:50.296663,8,Los Angeles,UKMO,19.344930870478713,11.461742381726523,8.507867887607604,23.822778819827814
2026-04-03T04:09:50.296663,8,Los Angeles,CMC,22.395717979082377,15.316810967255797,5.695416897049284,33.768161234027374
2026-04-03T04:09:50.296663,8,Houston,ECMWF,25.669452871851703,20.48277909525662,0,11.090378194565561
2026-04-03T04:09:50.296663,8,Houston,GFS,32.089854151744355,24.282883494434003,0,22.116911914317868
2026-04-03T04:09:50.296663,8,Houston,HRRR,29.388816906855283,21.85176008164756,0,28.638433049871608
2026-04-03T04:09:50.296663,8,Houston,NAM,36.68684574234619,21.83312496953676,21.333818051724975,16.63459501379461
2026-04-03T04:09:50.296663,8,Houston,UKMO,28.908969088897134,23.53469079499642,28.979396979733522,1.1103892006286031
2026-04-03T04:09:50.296663,8,Houston,CMC,34.23391831349812,22.851055595873056,22.97788532947402,19.96959901524237
2026-04-03T04:09:50.296663,8,Denver,ECMWF,11.576075766839137,1.3045471033649818,0,45.457258996931614
2026-04-03T04:09:50.296663,8,Denver,GFS,16.589792428457017,9.774112692751734,0,0
2026-04-03T04:09:50.296663,8,Denver,HRRR,14.631632715483558,3.164738539361483,15.761447994400132,30.851421340473546
2026-04-03T04:09:50.296663,8,Denver,NAM,17.61415777353853,-1.7788469328874763,12.14475452889019,7.318647100170965
2026-04-03T04:09:50.296663,8,Denver,UKMO,7.057756034794334,-1.171815539527274,19.47542662199633,9.1240142216135
2026-04-03T04:09:50.296663,8,Denver,CMC,7.010095439667365,4.173319525611225,1.7132713505533328,0
2026-04-03T04:09:50.296663,8,Seattle,ECMWF,9.09543268347624,3.3655378837346763,12.633881228988438,8.988349542672774
2026-04-03T04:09:50.296663,8,Seattle,GFS,16.430042406336675,7.617594706287676,1.327739823747252,30.93258159897762
2026-04-03T04:09:50.296663,8,Seattle,HRRR,19.081090151145357,12.073692725226639,0.40715714704680206,0
2026-04-03T04:09:50.296663,8,Seattle,NAM,22.84730983538751,10.384771670552684,7.932481513124902,52.8992645002925
2026-04-03T04:09:50.296663,8,Seattle,UKMO,12.148533135756466,4.742218547317394,0,20.482892627965935
2026-04-03T04:09:50.296663,8,Seattle,CMC,19.520818134758272,9.062221306961536,7.091023175937827,0
2026-04-03T04:09:50.296663,8,Phoenix,ECMWF,35.35034476093292,32.71593747485667,12.38327696115606,2.009774184845579
2026-04-03T04:09:50.296663,8,Phoenix,GFS,35.622519768596085,33.48930093417148,1.0695427991817308,25.328715309436603
2026-04-03T04:09:50.296663,8,Phoenix,HRRR,35.14224241157586,27.82148097416399,0,32.90991287149747
2026-04-03T04:09:50.296663,8,Phoenix,NAM,38.70703361224676,24.831682800593462,0,21.309109557545096
2026-04-03T04:09:50.296663,8,Phoenix,UKMO,36.86684829110409,27.893249732344668,0,12.018230697103164
2026-04-03T04:09:50.296663,8,Phoenix,CMC,29.043966633495877,20.435543391823998,4.91722888106764,28.865799119012873
2026-04-03T04:10:52.941135,6,Chicago,ECMWF,16.082626403277708,7.2914617497635605,0,45.201802037839194
2026-04-03T04:10:52.941135,6,Chicago,GFS,15.571794523008968,9.898508830639138,14.359526650049311,5.933285824590225
2026-04-03T04:10:52.941135,6,Chicago,HRRR,12.58042838680353,11.581805155549052,0,35.118440640935646
2026-04-03T04:10:52.941135,6,Chicago,NAM,16.65297218373548,10.060943820169914,2.063451523008837,21.810176267943977
2026-04-03T04:10:52.941135,6,Chicago,UKMO,13.454039713700437,10.893122915778768,6.191497934087823,48.51209394941016
2026-04-03T04:10:52.941135,6,Chicago,CMC,6.223888191669956,2.0989200351805106,15.702449852946646,26.53954686003064
2026-04-03T04:10:52.941135,6,New York,ECMWF,11.709886417174452,1.755035363316436,5.50251184545171,9.373846249119016
2026-04-03T04:10:52.941135,6,New York,GFS,18.561821505764705,9.783221322090899,6.4421768206264085,29.044157458543808
2026-04-03T04:10:52.941135,6,New York,HRRR,21.496953939586064,7.795867303205085,0,14.884485178390612
2026-04-03T04:10:52.941135,6,New York,NAM,17.686284780074928,6.69922653307656,19.175592526186946,0
2026-04-03T04:10:52.941135,6,New York,UKMO,12.913817441070654,8.942943029669086,15.814838498189134,41.95338994427448
2026-04-03T04:10:52.941135,6,New York,CMC,9.90359397748058,6.395320313375588,0,0
2026-04-03T04:10:52.941135,6,Miami,ECMWF,31.983318224243913,28.09703037502421,17.83143307242682,18.58551048853507
2026-04-03T04:10:52.941135,6,Miami,GFS,48.311099142295134,26.239230817658,5.6512964342924485,24.88992403908244
2026-04-03T04:10:52.941135,6,Miami,HRRR,31.196141036993247,22.784376360688803,2.0198439431608115,7.95043803866932
2026-04-03T04:10:52.941135,6,Miami,NAM,33.75129502912693,25.006028263387233,0,23.30937230603359
2026-04-03T04:10:52.941135,6,Miami,UKMO,37.42771043249343,24.90912478097757,17.226037079605227,25.104535217142598
2026-04-03T04:10:52.941135,6,Miami,CMC,36.43029516873957,22.15803850880512,6.897453568478102,13.600532515321209
2026-04-03T04:10:52.941135,6,Los Angeles,ECMWF,27.6428790920908,17.180799778800022,0,17.960257529767656
2026-04-03T04:10:52.941135,6,Los Angeles,GFS,21.590813210283564,11.081036926509226,10.871139269194405,17.969337286193465
2026-04-03T04:10:52.941135,6,Los Angeles,HRRR,28.859484713635194,22.201818261752177,0,34.035726445463396
2026-04-03T04:10:52.941135,6,Los Angeles,NAM,24.910619082387587,17.470838987207266,6.014407779159686,58.06407359590431
2026-04-03T04:10:52.941135,6,Los Angeles,UKMO,25.494990914123083,19.654151757888542,5.980678053966063,11.483382303021116
2026-04-03T04:10:52.941135,6,Los Angeles,CMC,28.710719622942683,11.512425110888657,0,11.060393529208534
2026-04-03T04:10:52.941135,6,Houston,ECMWF,31.746404143830137,12.413021625958383,10.24043550595205,4.0329842416379975
2026-04-03T04:10:52.941135,6,Houston,GFS,28.49045580371854,26.57280739227963,11.406758654095551,5.518449417066854
2026-04-03T04:10:52.941135,6,Houston,HRRR,31.62424529664475,25.83766349557132,4.342713989558615,20.011201219241904
2026-04-03T04:10:52.941135,6,Houston,NAM,44.59740405712874,27.082937086163543,0,48.07074038113943
2026-04-03T04:10:52.941135,6,Houston,UKMO,32.2329068848394,20.959601843409484,11.973569953348228,12.713727854691866
2026-04-03T04:10:52.941135,6,Houston,CMC,26.229780040152935,11.246966011948285,1.5848046117426025,12.262810909441589
2026-04-03T04:10:52.941135,6,Denver,ECMWF,18.57231909553088,3.2921197960990067,8.539340772175695,11.305253332222485
2026-04-03T04:10:52.941135,6,Denver,GFS,14.379468409298404,6.5249527432507985,4.7340880112383585,1.3776324312504435
2026-04-03T04:10:52.941135,6,Denver,HRRR,18.286848051605055,4.12013055665975,0,18.717954921601564
2026-04-03T04:10:52.941135,6,Denver,NAM,9.68570218835535,5.764561851210566,6.31656022758602,24.459850537503186
2026-04-03T04:10:52.941135,6,Denver,UKMO,12.619199662040822,5.636084793997291,0,39.337148824360845
2026-04-03T04:10:52.941135,6,Denver,CMC,7.122684495082901,4.454971412963323,0,19.26495909619335
2026-04-03T04:10:52.941135,6,Seattle,ECMWF,15.042796572630412,0.6346181309787706,8.813675626246933,29.079699143262
2026-04-03T04:10:52.941135,6,Seattle,GFS,14.802318528945598,10.448721356039792,5.3830637845803855,33.81700725945236
2026-04-03T04:10:52.941135,6,Seattle,HRRR,21.107609078122163,10.85682804446361,0,14.551805692071953
2026-04-03T04:10:52.941135,6,Seattle,NAM,11.908499404843521,3.8103856584799485,5.919098496009143,40.30265208521574
2026-04-03T04:10:52.941135,6,Seattle,UKMO,14.792622590357452,8.739189103466078,0,23.79652381907443
2026-04-03T04:10:52.941135,6,Seattle,CMC,25.939567729739387,15.733475352309739,8.191062861319327,23.911650267530312
2026-04-03T04:10:52.941135,6,Phoenix,ECMWF,43.3711158216163,30.609711661131577,8.887865093019974,25.426734235666515
2026-04-03T04:10:52.941135,6,Phoenix,GFS,37.49508410411865,31.56783075531398,13.303910946031536,32.09383594199469
2026-04-03T04:10:52.941135,6,Phoenix,HRRR,30.89604644946649,21.021925919057388,15.005867188248217,25.486264316159847
2026-04-03T04:10:52.941135,6,Phoenix,NAM,51.18422765290657,25.840856253716638,0,48.025620312197304
2026-04-03T04:10:52.941135,6,Phoenix,UKMO,28.6200966897242,25.337710909662942,26.588610442071005,19.669328689846367
2026-04-03T04:10:52.941135,6,Phoenix,CMC,32.78966150261601,30.29034040603548,13.043637311953468,33.629323852907326
2026-04-03T04:10:54.789925,9,Chicago,ECMWF,19.799390770494156,-5.117837495276532,0,49.291467166123596
2026-04-03T04:10:54.789925,9,Chicago,GFS,14.707008662705622,8.236289666712361,0,17.09707660207436
2026-04-03T04:10:54.789925,9,Chicago,HRRR,17.487731976318763,5.724638361557562,19.333432625298723,22.422938669269275
2026-04-03T04:10:54.789925,9,Chicago,NAM,18.251735427007358,-3.3526151144255714,0,36.82901241134165
2026-04-03T04:10:54.789925,9,Chicago,UKMO,18.647431125749478,9.417775172486017,0,31.2817166808509
2026-04-03T04:10:54.789925,9,Chicago,CMC,10.453140324782982,-0.46314458262423397,0,33.6509419894001
2026-04-03T04:10:54.789925,9,New York,ECMWF,29.57229817819283,8.577858808713817,10.319125120088247,22.179453136930828
2026-04-03T04:10:54.789925,9,New York,GFS,31.400512179633147,14.675854422253035,10.071451624440428,42.09955308203915
2026-04-03T04:10:54.789925,9,New York,HRRR,16.346041749727405,7.458387897649792,7.452587821089314,37.81990719383303
2026-04-03T04:10:54.789925,9,New York,NAM,15.380027689411685,5.114066661761706,11.68944807262192,27.961718836573155
2026-04-03T04:10:54.789925,9,New York,UKMO,10.724341695602085,2.5974034206140724,2.1257676725993853,8.286144190643524
2026-04-03T04:10:54.789925,9,New York,CMC,21.796693895588895,17.51068825264055,8.724444294912779,15.557242308512079
2026-04-03T04:10:54.789925,9,Miami,ECMWF,28.147921677670052,26.3284367077951,16.06881704782517,8.822233941972094
2026-04-03T04:10:54.789925,9,Miami,GFS,31.1641311865718,28.86528788863016,0,6.414321204394408
2026-04-03T04:10:54.789925,9,Miami,HRRR,30.057079164375075,15.609745414963514,17.156591045666694,8.251438425067645
2026-04-03T04:10:54.789925,9,Miami,NAM,26.385125931895306,25.4077586700438,27.00303629798124,0
2026-04-03T04:10:54.789925,9,Miami,UKMO,47.090997459423704,30.03816761848653,2.2772085147420023,20.929937671374702
2026-04-03T04:10:54.789925,9,Miami,CMC,27.66457322397076,18.028117745877857,1.7992518779019568,37.04006620534979
2026-04-03T04:10:54.789925,9,Los Angeles,ECMWF,25.8654557455773,23.563290485168732,0,0
2026-04-03T04:10:54.789925,9,Los Angeles,GFS,27.812531147945112,19.135962742616314,0,46.12370948992141
2026-04-03T04:10:54.789925,9,Los Angeles,HRRR,37.16382560253346,25.976687552985688,5.381526403524921,14.4154691044323
2026-04-03T04:10:54.789925,9,Los Angeles,NAM,33.16401496309613,10.768810552266771,22.182020030548127,9.095379181582212
2026-04-03T04:10:54.789925,9,Los Angeles,UKMO,26.551368691092243,19.44537023885104,0,28.078992212794432
2026-04-03T04:10:54.789925,9,Los Angeles,CMC,19.50353059780368,15.176585320354874,17.506436296283386,2.602524934989308
2026-04-03T04:10:54.789925,9,Houston,ECMWF,36.04763098560179,20.604013116176255,0,5.27218811950336
2026-04-03T04:10:54.789925,9,Houston,GFS,28.399566229451004,18.776071174835497,3.702871601627754,28.198595583496108
2026-04-03T04:10:54.789925,9,Houston,HRRR,26.501527217816765,9.504215667572822,0.518552946262469,8.711724038522522
2026-04-03T04:10:54.789925,9,Houston,NAM,30.719526532100815,25.679589210623735,0,49.65007751332857
2026-04-03T04:10:54.789925,9,Houston,UKMO,33.45183030828691,26.04336944521285,9.000156379344958,24.20370166268174
2026-04-03T04:10:54.789925,9,Houston,CMC,26.602342362698888,23.24827783589219,8.764455877279044,7.010865770142098
2026-04-03T04:10:54.789925,9,Denver,ECMWF,9.208457410786277,-1.9783063967366363,11.767116888637213,24.61006767909297
2026-04-03T04:10:54.789925,9,Denver,GFS,17.447462692645853,-0.7925528133861297,21.952750303287488,0
2026-04-03T04:10:54.789925,9,Denver,HRRR,9.321037282706794,3.2993149276111122,17.87044212409379,25.922252664037806
2026-04-03T04:10:54.789925,9,Denver,NAM,16.67371747892291,5.0787145799192555,24.86382543219968,42.30518739302529
2026-04-03T04:10:54.789925,9,Denver,UKMO,11.402208079679433,4.076410008466673,1.7921249659487524,35.474366414904026
2026-04-03T04:10:54.789925,9,Denver,CMC,5.927251680169735,1.3394880770124011,0.35209717683421715,23.030562448269055
2026-04-03T04:10:54.789925,9,Seattle,ECMWF,16.302494671047683,6.437780754152666,0,17.358799040606005
2026-04-03T04:10:54.789925,9,Seattle,GFS,20.38058111069536,12.86248433325461,8.160528591731413,18.746026317794993
2026-04-03T04:10:54.789925,9,Seattle,HRRR,10.27810005934373,-0.09016883824100574,20.426143363862014,23.795149618349114
2026-04-03T04:10:54.789925,9,Seattle,NAM,17.51644579850621,4.149171862100141,0,24.59303889281647
2026-04-03T04:10:54.789925,9,Seattle,UKMO,15.320713195601579,3.9272589973150627,18.423887025545703,17.568342636694968
2026-04-03T04:10:54.789925,9,Seattle,CMC,14.35189576356763,7.87113803907964,19.173706559518955,23.523506620598848
2026-04-03T04:10:54.789925,9,Phoenix,ECMWF,41.199586082031686,26.657502663256285,5.392014233621535,38.47300003957173
2026-04-03T04:10:54.789925,9,Phoenix,GFS,36.495396469864694,28.88119030557113,9.611450902985327,53.74149862619731
2026-04-03T04:10:54.789925,9,Phoenix,HRRR,48.848528527338885,32.016138075538606,6.614465896014865,17.519450116788086
2026-04-03T04:10:54.789925,9,Phoenix,NAM,37.80834175424381,13.899491597258553,2.0496140956143765,4.007626564861001
2026-04-03T04:10:54.789925,9,Phoenix,UKMO,33.709108456381415,18.26707395489843,7.147879137071435,7.230620676834537
2026-04-03T04:10:54.789925,9,Phoenix,CMC,40.68700113078698,25.282312582838596,8.163710322963963,24.96849454041627
